{
    "transform": [
        [
            0.99663907289505,
            -0.0736573114991188,
            -0.035849280655384064,
            0.014224568381905556
        ],
        [
            -0.035849280655384064,
            -0.7856631278991699,
            0.6176149249076843,
            -0.03748052567243576
        ],
        [
            -0.0736573114991188,
            -0.6142539978027344,
            -0.7856631278991699,
            -0.019852779805660248
        ]
    ],
    "scale": 0.16074930575053714
}