{
  "experiment_name": "DailyStuff1",
  "method_name": "tsplatter",
  "checkpoint": "outputs/DailyStuff1/tsplatter/2025-07-19_151248/nerfstudio_models/step-000029999.ckpt",
  "results": {
    "psnr": 12.979894638061523,
    "psnr_std": 1.3826558589935303,
    "ssim": 0.6608384251594543,
    "ssim_std": 0.054985616356134415,
    "lpips": 0.44745200872421265,
    "lpips_std": 0.04969744756817818,
    "num_rays_per_sec": 818493.1875,
    "num_rays_per_sec_std": 254328.609375,
    "fps": 2.664365768432617,
    "fps_std": 0.8278926014900208
  }
}