{
  "experiment_name": "DailyStuff1",
  "method_name": "tsplatter",
  "checkpoint": "outputs/DailyStuff1/tsplatter/2025-07-19_151248/nerfstudio_models/step-000029999.ckpt",
  "results": {
    "psnr": 17.63833236694336,
    "psnr_std": 2.7600839138031006,
    "ssim": 0.811866819858551,
    "ssim_std": 0.07124781608581543,
    "lpips": 0.264184832572937,
    "lpips_std": 0.0883888453245163,
    "num_rays_per_sec": 753751.25,
    "num_rays_per_sec_std": 102141.1875,
    "fps": 2.4536173343658447,
    "fps_std": 0.33249083161354065
  }
}